{"version":1,"config":{"env":{},"webpackDevMiddleware":null,"eslint":{"ignoreDuringBuilds":false},"typescript":{"ignoreBuildErrors":false},"distDir":".next","cleanDistDir":true,"assetPrefix":"","configOrigin":"next.config.js","useFileSystemPublicRoutes":true,"generateEtags":true,"pageExtensions":["tsx","ts","jsx","js"],"target":"server","poweredByHeader":true,"compress":false,"analyticsId":"","images":{"deviceSizes":[640,750,828,1080,1200,1920,2048,3840],"imageSizes":[16,32,48,64,96,128,256,384],"path":"/_next/image","loader":"default","domains":[],"disableStaticImages":false,"minimumCacheTTL":60},"devIndicators":{"buildActivity":true},"onDemandEntries":{"maxInactiveAge":60000,"pagesBufferLength":2},"amp":{"canonicalBase":""},"basePath":"","sassOptions":{},"trailingSlash":false,"i18n":null,"productionBrowserSourceMaps":false,"optimizeFonts":true,"excludeDefaultMomentLocales":true,"serverRuntimeConfig":{},"publicRuntimeConfig":{},"reactStrictMode":true,"httpAgentOptions":{"keepAlive":true},"experimental":{"swcLoader":false,"swcMinify":false,"cpus":11,"sharedPool":false,"plugins":false,"profiling":false,"isrFlushToDisk":true,"workerThreads":false,"pageEnv":false,"optimizeImages":false,"optimizeCss":false,"scrollRestoration":false,"stats":false,"externalDir":false,"reactRoot":false,"disableOptimizedLoading":false,"gzipSize":true,"craCompat":false,"esmExternals":false,"staticPageGenerationTimeout":60,"isrMemoryCacheSize":52428800,"nftTracing":false,"concurrentFeatures":false},"future":{"strictPostcssConfiguration":false}},"appDir":"C:\\Users\\seanm\\Desktop\\next-candy-machine","files":[".next\\routes-manifest.json",".next\\server\\pages-manifest.json",".next\\build-manifest.json",".next\\prerender-manifest.json",".next\\react-loadable-manifest.json",".next\\server\\font-manifest.json",".next\\BUILD_ID"],"ignore":["node_modules\\next\\dist\\compiled\\@ampproject\\toolbox-optimizer\\**\\*"]}